Frame_ID,Car_Count,Traffic_Level,Wait_Time
10,29,High,90
20,27,High,90
30,28,High,90
40,26,High,90
50,26,High,90
60,26,High,90
70,25,High,90
80,27,High,90
90,26,High,90
100,24,High,90
110,23,High,90
120,21,High,90
130,20,High,90
140,18,High,90
150,21,High,90
160,21,High,90
170,24,High,90
180,23,High,90
190,32,High,90
200,29,High,90
210,25,High,90
220,24,High,90
230,27,High,90
240,31,High,90
250,31,High,90
260,29,High,90
270,24,High,90
280,26,High,90
290,28,High,90
300,29,High,90
310,25,High,90
320,24,High,90
330,27,High,90
340,22,High,90
350,23,High,90
360,22,High,90
370,30,High,90
380,27,High,90
390,28,High,90
400,24,High,90
410,24,High,90
420,22,High,90
430,22,High,90
440,25,High,90
450,23,High,90
460,23,High,90
470,26,High,90
480,29,High,90
490,27,High,90
500,27,High,90
510,30,High,90
520,26,High,90
530,32,High,90
540,29,High,90
550,29,High,90
560,25,High,90
570,29,High,90
580,29,High,90
590,26,High,90
600,26,High,90
610,29,High,90
620,26,High,90
630,26,High,90
640,24,High,90
650,20,High,90
660,27,High,90
670,28,High,90
680,26,High,90
690,25,High,90
700,20,High,90
710,25,High,90
720,23,High,90
730,24,High,90
740,23,High,90
750,25,High,90
760,25,High,90
770,24,High,90
780,22,High,90
790,21,High,90
800,25,High,90
810,27,High,90
820,24,High,90
830,27,High,90
840,28,High,90
850,22,High,90
860,21,High,90
870,24,High,90
880,27,High,90
890,24,High,90
900,27,High,90
910,24,High,90
920,22,High,90
930,22,High,90
940,25,High,90
950,22,High,90
960,25,High,90
970,23,High,90
980,28,High,90
990,23,High,90
1000,26,High,90
1010,28,High,90
1020,31,High,90
1030,29,High,90
1040,24,High,90
1050,24,High,90
1060,22,High,90
1070,23,High,90
1080,23,High,90
1090,23,High,90
1100,23,High,90
1110,24,High,90
1120,22,High,90
1130,19,High,90
1140,20,High,90
1150,17,High,90
1160,16,High,90
1170,18,High,90
1180,15,High,90
1190,17,High,90
1200,19,High,90
1210,18,High,90
1220,18,High,90
1230,19,High,90
1240,22,High,90
1250,18,High,90
1260,20,High,90
1270,23,High,90
1280,21,High,90
1290,24,High,90
1300,22,High,90
1310,25,High,90
1320,22,High,90
1330,24,High,90
1340,13,Medium,45
1350,16,High,90
1360,22,High,90
1370,24,High,90
1380,21,High,90
1390,21,High,90
1400,25,High,90
1410,21,High,90
1420,24,High,90
1430,25,High,90
1440,22,High,90
1450,30,High,90
1460,26,High,90
1470,28,High,90
1480,28,High,90
1490,21,High,90
1500,27,High,90
1510,24,High,90
1520,23,High,90
1530,21,High,90
1540,25,High,90
1550,22,High,90
1560,28,High,90
1570,27,High,90
1580,26,High,90
1590,29,High,90
1600,28,High,90
1610,29,High,90
1620,27,High,90
1630,22,High,90
1640,25,High,90
1650,25,High,90
1660,31,High,90
1670,27,High,90
1680,23,High,90
1690,24,High,90
1700,29,High,90
1710,27,High,90
1720,24,High,90
1730,26,High,90
1740,24,High,90
1750,21,High,90
1760,26,High,90
1770,22,High,90
1780,33,High,90
1790,30,High,90
1800,23,High,90
1810,26,High,90
1820,26,High,90
1830,23,High,90
1840,28,High,90
1850,28,High,90
1860,21,High,90
1870,20,High,90
1880,23,High,90
1890,19,High,90
1900,20,High,90
1910,25,High,90
1920,24,High,90
1930,26,High,90
1940,29,High,90
1950,26,High,90
1960,25,High,90
1970,27,High,90
1980,29,High,90
1990,20,High,90
2000,27,High,90
2010,27,High,90
2020,26,High,90
2030,30,High,90
2040,28,High,90
2050,24,High,90
2060,24,High,90
2070,30,High,90
2080,27,High,90
2090,20,High,90
2100,23,High,90
2110,21,High,90
2120,23,High,90
2130,23,High,90
2140,20,High,90
2150,22,High,90
2160,27,High,90
2170,25,High,90
2180,25,High,90
2190,26,High,90
2200,26,High,90
2210,28,High,90
2220,26,High,90
2230,29,High,90
2240,26,High,90
2250,21,High,90
2260,27,High,90
2270,25,High,90
2280,26,High,90
2290,27,High,90
2300,27,High,90
2310,24,High,90
2320,21,High,90
2330,23,High,90
2340,23,High,90
2350,23,High,90
2360,22,High,90
2370,23,High,90
2380,20,High,90
2390,20,High,90
2400,23,High,90
2410,27,High,90
2420,26,High,90
2430,19,High,90
2440,25,High,90
2450,24,High,90
2460,25,High,90
2470,20,High,90
2480,23,High,90
2490,25,High,90
2500,24,High,90
2510,22,High,90
2520,24,High,90
2530,25,High,90
2540,21,High,90
2550,18,High,90
2560,23,High,90
2570,24,High,90
2580,26,High,90
2590,24,High,90
2600,28,High,90
2610,26,High,90
2620,30,High,90
2630,26,High,90
2640,30,High,90
2650,27,High,90
2660,26,High,90
2670,23,High,90
2680,25,High,90
2690,26,High,90
2700,30,High,90
2710,28,High,90
2720,27,High,90
2730,31,High,90
2740,29,High,90
2750,29,High,90
2760,22,High,90
2770,25,High,90
2780,24,High,90
2790,28,High,90
2800,26,High,90
2810,23,High,90
2820,24,High,90
2830,21,High,90
2840,27,High,90
2850,20,High,90
2860,26,High,90
2870,23,High,90
2880,30,High,90
2890,29,High,90
2900,28,High,90
2910,29,High,90
2920,26,High,90
2930,29,High,90
2940,29,High,90
2950,26,High,90
2960,28,High,90
2970,23,High,90
2980,26,High,90
2990,27,High,90
3000,29,High,90
3010,32,High,90
3020,28,High,90
3030,28,High,90
3040,32,High,90
3050,29,High,90
3060,30,High,90
3070,30,High,90
3080,28,High,90
3090,31,High,90
3100,32,High,90
3110,25,High,90
3120,30,High,90
3130,34,High,90
3140,30,High,90
3150,35,High,90
3160,32,High,90
3170,31,High,90
3180,28,High,90
3190,25,High,90
3200,25,High,90
3210,25,High,90
3220,25,High,90
3230,27,High,90
3240,23,High,90
3250,23,High,90
3260,30,High,90
3270,29,High,90
3280,21,High,90
3290,23,High,90
3300,23,High,90
3310,23,High,90
3320,30,High,90
3330,26,High,90
3340,28,High,90
3350,25,High,90
3360,23,High,90
3370,24,High,90
3380,26,High,90
3390,27,High,90
3400,27,High,90
3410,31,High,90
3420,30,High,90
3430,25,High,90
3440,30,High,90
3450,30,High,90
3460,27,High,90
3470,26,High,90
3480,27,High,90
3490,28,High,90
3500,22,High,90
3510,29,High,90
3520,29,High,90
3530,27,High,90
3540,27,High,90
3550,30,High,90
3560,23,High,90
3570,26,High,90
3580,21,High,90
3590,24,High,90
3600,23,High,90
3610,28,High,90
3620,26,High,90
3630,27,High,90
3640,24,High,90
3650,21,High,90
3660,22,High,90
3670,20,High,90
3680,26,High,90
3690,24,High,90
3700,22,High,90
3710,27,High,90
3720,28,High,90
3730,28,High,90
3740,26,High,90
3750,26,High,90
3760,25,High,90
3770,23,High,90
3780,28,High,90
3790,27,High,90
3800,20,High,90
3810,21,High,90
3820,25,High,90
3830,23,High,90
3840,23,High,90
3850,24,High,90
3860,21,High,90
3870,24,High,90
3880,23,High,90
3890,20,High,90
3900,21,High,90
3910,21,High,90
3920,23,High,90
3930,26,High,90
3940,18,High,90
3950,19,High,90
3960,21,High,90
3970,20,High,90
3980,25,High,90
3990,24,High,90
4000,25,High,90
4010,22,High,90
4020,16,High,90
4030,22,High,90
4040,21,High,90
4050,23,High,90
4060,22,High,90
4070,25,High,90
4080,22,High,90
4090,21,High,90
4100,24,High,90
4110,17,High,90
4120,23,High,90
4130,25,High,90
4140,24,High,90
4150,22,High,90
4160,22,High,90
4170,24,High,90
4180,22,High,90
4190,22,High,90
4200,22,High,90
4210,21,High,90
4220,23,High,90
4230,22,High,90
4240,19,High,90
4250,21,High,90
4260,14,Medium,45
4270,22,High,90
4280,23,High,90
4290,21,High,90
4300,21,High,90
4310,22,High,90
4320,19,High,90
4330,19,High,90
4340,23,High,90
4350,24,High,90
4360,23,High,90
4370,26,High,90
4380,23,High,90
4390,23,High,90
4400,21,High,90
4410,27,High,90
4420,28,High,90
4430,26,High,90
4440,26,High,90
4450,24,High,90
4460,24,High,90
4470,23,High,90
4480,24,High,90
4490,19,High,90
4500,19,High,90
4510,14,Medium,45
4520,16,High,90
4530,16,High,90
4540,18,High,90
4550,20,High,90
4560,16,High,90
4570,17,High,90
4580,21,High,90
4590,27,High,90
4600,25,High,90
4610,22,High,90
4620,20,High,90
4630,21,High,90
4640,21,High,90
4650,20,High,90
4660,20,High,90
4670,16,High,90
4680,20,High,90
4690,17,High,90
4700,18,High,90
4710,15,High,90
4720,17,High,90
4730,19,High,90
4740,22,High,90
4750,21,High,90
4760,23,High,90
4770,21,High,90
4780,21,High,90
4790,19,High,90
4800,18,High,90
4810,18,High,90
4820,17,High,90
4830,14,Medium,45
4840,16,High,90
4850,16,High,90
4860,17,High,90
4870,19,High,90
4880,18,High,90
4890,18,High,90
4900,24,High,90
4910,23,High,90
4920,20,High,90
4930,22,High,90
4940,18,High,90
4950,22,High,90
4960,22,High,90
4970,24,High,90
4980,21,High,90
4990,20,High,90
5000,24,High,90
5010,25,High,90
5020,23,High,90
5030,19,High,90
5040,21,High,90
5050,18,High,90
5060,20,High,90
5070,19,High,90
5080,16,High,90
5090,20,High,90
5100,21,High,90
5110,17,High,90
5120,16,High,90
5130,15,High,90
5140,18,High,90
5150,22,High,90
5160,23,High,90
5170,29,High,90
5180,25,High,90
5190,27,High,90
5200,26,High,90
5210,22,High,90
5220,21,High,90
5230,26,High,90
5240,22,High,90
5250,21,High,90
5260,25,High,90
5270,27,High,90
5280,26,High,90
5290,25,High,90
5300,23,High,90
5310,17,High,90
5320,22,High,90
5330,19,High,90
5340,19,High,90
5350,18,High,90
5360,18,High,90
5370,18,High,90
5380,24,High,90
5390,22,High,90
5400,20,High,90
5410,20,High,90
5420,24,High,90
5430,19,High,90
5440,20,High,90
5450,23,High,90
5460,18,High,90
5470,20,High,90
5480,21,High,90
5490,23,High,90
5500,25,High,90
5510,24,High,90
5520,20,High,90
5530,18,High,90
5540,16,High,90
5550,21,High,90
5560,20,High,90
5570,21,High,90
5580,21,High,90
5590,19,High,90
5600,18,High,90
5610,17,High,90
5620,19,High,90
5630,17,High,90
5640,18,High,90
5650,17,High,90
5660,17,High,90
5670,22,High,90
5680,24,High,90
5690,27,High,90
5700,25,High,90
5710,27,High,90
5720,26,High,90
5730,26,High,90
5740,27,High,90
5750,26,High,90
5760,28,High,90
5770,25,High,90
5780,27,High,90
5790,27,High,90
5800,28,High,90
5810,23,High,90
5820,28,High,90
5830,27,High,90
5840,26,High,90
5850,21,High,90
5860,19,High,90
5870,20,High,90
5880,20,High,90
5890,18,High,90
5900,19,High,90
5910,19,High,90
5920,23,High,90
5930,20,High,90
5940,19,High,90
5950,17,High,90
5960,20,High,90
5970,21,High,90
5980,22,High,90
5990,21,High,90
6000,22,High,90
6010,20,High,90
6020,18,High,90
6030,22,High,90
6040,22,High,90
6050,20,High,90
6060,18,High,90
6070,23,High,90
6080,23,High,90
6090,22,High,90
6100,25,High,90
6110,22,High,90
6120,26,High,90
6130,25,High,90
6140,23,High,90
6150,25,High,90
6160,21,High,90
6170,22,High,90
6180,22,High,90
6190,22,High,90
6200,25,High,90
6210,23,High,90
6220,23,High,90
6230,25,High,90
6240,27,High,90
6250,25,High,90
6260,24,High,90
6270,22,High,90
6280,25,High,90
6290,25,High,90
6300,18,High,90
6310,20,High,90
6320,18,High,90
6330,24,High,90
6340,25,High,90
6350,24,High,90
6360,18,High,90
6370,23,High,90
6380,23,High,90
6390,23,High,90
6400,25,High,90
6410,25,High,90
6420,27,High,90
6430,30,High,90
6440,24,High,90
6450,19,High,90
6460,23,High,90
6470,19,High,90
6480,25,High,90
6490,22,High,90
6500,21,High,90
6510,25,High,90
6520,26,High,90
6530,27,High,90
6540,27,High,90
6550,20,High,90
6560,20,High,90
6570,25,High,90
6580,21,High,90
6590,26,High,90
6600,22,High,90
6610,24,High,90
6620,18,High,90
6630,23,High,90
6640,25,High,90
6650,21,High,90
6660,23,High,90
6670,21,High,90
6680,21,High,90
6690,19,High,90
6700,25,High,90
6710,20,High,90
6720,22,High,90
6730,27,High,90
6740,25,High,90
6750,26,High,90
6760,29,High,90
6770,27,High,90
6780,35,High,90
6790,26,High,90
6800,25,High,90
6810,24,High,90
6820,24,High,90
6830,22,High,90
6840,26,High,90
6850,20,High,90
6860,24,High,90
6870,23,High,90
6880,22,High,90
6890,24,High,90
6900,22,High,90
6910,24,High,90
6920,21,High,90
6930,18,High,90
6940,22,High,90
6950,21,High,90
6960,21,High,90
6970,23,High,90
6980,22,High,90
6990,22,High,90
7000,24,High,90
7010,22,High,90
7020,24,High,90
7030,26,High,90
7040,25,High,90
7050,24,High,90
7060,25,High,90
7070,20,High,90
7080,20,High,90
7090,21,High,90
7100,21,High,90
7110,22,High,90
7120,24,High,90
7130,26,High,90
7140,22,High,90
7150,21,High,90
7160,19,High,90
7170,20,High,90
7180,20,High,90
7190,19,High,90
7200,20,High,90
7210,23,High,90
7220,15,High,90
7230,21,High,90
7240,18,High,90
7250,23,High,90
7260,23,High,90
7270,21,High,90
7280,22,High,90
7290,24,High,90
7300,19,High,90
7310,25,High,90
7320,21,High,90
7330,24,High,90
7340,20,High,90
7350,26,High,90
7360,24,High,90
7370,21,High,90
7380,23,High,90
7390,24,High,90
7400,23,High,90
7410,21,High,90
7420,25,High,90
7430,19,High,90
7440,21,High,90
7450,23,High,90
7460,25,High,90
7470,26,High,90
7480,26,High,90
7490,24,High,90
7500,25,High,90
7510,24,High,90
7520,24,High,90
7530,25,High,90
7540,21,High,90
7550,24,High,90
7560,25,High,90
7570,26,High,90
7580,21,High,90
7590,23,High,90
7600,23,High,90
7610,25,High,90
7620,26,High,90
7630,28,High,90
7640,29,High,90
7650,28,High,90
7660,27,High,90
7670,28,High,90
7680,23,High,90
7690,22,High,90
7700,23,High,90
7710,25,High,90
7720,18,High,90
7730,13,Medium,45
7740,15,High,90
7750,22,High,90
7760,23,High,90
7770,19,High,90
7780,15,High,90
7790,22,High,90
7800,23,High,90
7810,23,High,90
7820,21,High,90
7830,24,High,90
7840,26,High,90
7850,26,High,90
7860,30,High,90
7870,22,High,90
7880,22,High,90
7890,26,High,90
7900,21,High,90
7910,21,High,90
7920,22,High,90
7930,22,High,90
7940,18,High,90
7950,23,High,90
7960,22,High,90
7970,23,High,90
7980,22,High,90
7990,23,High,90
8000,20,High,90
8010,22,High,90
8020,22,High,90
8030,24,High,90
8040,23,High,90
8050,22,High,90
8060,19,High,90
8070,18,High,90
8080,18,High,90
8090,19,High,90
8100,23,High,90
8110,19,High,90
8120,21,High,90
8130,18,High,90
8140,14,Medium,45
8150,12,Medium,45
8160,12,Medium,45
8170,17,High,90
8180,15,High,90
8190,19,High,90
8200,16,High,90
8210,14,Medium,45
8220,18,High,90
8230,18,High,90
8240,19,High,90
8250,17,High,90
8260,16,High,90
8270,20,High,90
8280,23,High,90
8290,20,High,90
8300,17,High,90
8310,16,High,90
8320,22,High,90
8330,20,High,90
8340,17,High,90
8350,18,High,90
8360,18,High,90
8370,17,High,90
8380,19,High,90
8390,22,High,90
8400,19,High,90
8410,18,High,90
8420,23,High,90
8430,22,High,90
8440,24,High,90
8450,22,High,90
8460,24,High,90
8470,25,High,90
8480,21,High,90
8490,20,High,90
8500,22,High,90
8510,24,High,90
8520,24,High,90
8530,15,High,90
8540,18,High,90
8550,19,High,90
8560,17,High,90
8570,21,High,90
8580,24,High,90
8590,20,High,90
8600,29,High,90
8610,24,High,90
8620,19,High,90
8630,18,High,90
8640,20,High,90
8650,18,High,90
8660,21,High,90
8670,22,High,90
8680,26,High,90
8690,23,High,90
8700,29,High,90
8710,23,High,90
8720,22,High,90
8730,21,High,90
8740,24,High,90
8750,20,High,90
8760,23,High,90
8770,24,High,90
8780,20,High,90
8790,15,High,90
8800,17,High,90
8810,20,High,90
8820,22,High,90
8830,20,High,90
8840,21,High,90
8850,20,High,90
8860,21,High,90
8870,22,High,90
8880,25,High,90
8890,26,High,90
8900,30,High,90
8910,25,High,90
8920,27,High,90
8930,25,High,90
8940,26,High,90
8950,24,High,90
8960,25,High,90
8970,20,High,90
8980,21,High,90
8990,22,High,90
9000,23,High,90
9010,9,Medium,45
9020,6,Medium,45
9030,7,Medium,45
9040,8,Medium,45
9050,8,Medium,45
9060,7,Medium,45
9070,12,Medium,45
9080,7,Medium,45
9090,4,Low,10
9100,5,Medium,45
9110,5,Medium,45
9120,5,Medium,45
9130,4,Low,10
9140,6,Medium,45
9150,7,Medium,45
9160,9,Medium,45
9170,7,Medium,45
9180,8,Medium,45
9190,6,Medium,45
9200,12,Medium,45
9210,11,Medium,45
9220,8,Medium,45
9230,11,Medium,45
9240,7,Medium,45
9250,7,Medium,45
9260,5,Medium,45
9270,10,Medium,45
9280,11,Medium,45
9290,8,Medium,45
9300,9,Medium,45
9310,15,High,90
9320,8,Medium,45
9330,10,Medium,45
9340,10,Medium,45
9350,16,High,90
9360,17,High,90
9370,15,High,90
9380,12,Medium,45
9390,11,Medium,45
9400,11,Medium,45
9410,12,Medium,45
9420,10,Medium,45
9430,9,Medium,45
9440,11,Medium,45
9450,11,Medium,45
9460,6,Medium,45
9470,8,Medium,45
9480,9,Medium,45
9490,10,Medium,45
9500,9,Medium,45
9510,5,Medium,45
9520,9,Medium,45
9530,10,Medium,45
9540,10,Medium,45
9550,9,Medium,45
9560,9,Medium,45
9570,9,Medium,45
9580,8,Medium,45
9590,12,Medium,45
9600,8,Medium,45
9610,7,Medium,45
9620,8,Medium,45
9630,6,Medium,45
9640,7,Medium,45
9650,9,Medium,45
9660,8,Medium,45
9670,10,Medium,45
9680,9,Medium,45
9690,8,Medium,45
9700,11,Medium,45
9710,8,Medium,45
9720,10,Medium,45
9730,10,Medium,45
9740,15,High,90
9750,10,Medium,45
9760,10,Medium,45
9770,14,Medium,45
9780,10,Medium,45
9790,7,Medium,45
9800,7,Medium,45
9810,10,Medium,45
9820,8,Medium,45
9830,8,Medium,45
9840,10,Medium,45
9850,10,Medium,45
9860,9,Medium,45
9870,7,Medium,45
9880,10,Medium,45
9890,10,Medium,45
9900,11,Medium,45
9910,13,Medium,45
9920,6,Medium,45
9930,10,Medium,45
9940,9,Medium,45
9950,11,Medium,45
9960,13,Medium,45
9970,10,Medium,45
9980,10,Medium,45
9990,11,Medium,45
10000,10,Medium,45
10010,9,Medium,45
10020,10,Medium,45
10030,13,Medium,45
10040,12,Medium,45
10050,11,Medium,45
10060,9,Medium,45
10070,12,Medium,45
10080,9,Medium,45
10090,11,Medium,45
10100,11,Medium,45
10110,14,Medium,45
10120,13,Medium,45
10130,12,Medium,45
10140,14,Medium,45
10150,13,Medium,45
10160,12,Medium,45
10170,11,Medium,45
10180,12,Medium,45
10190,16,High,90
10200,16,High,90
10210,12,Medium,45
10220,15,High,90
10230,15,High,90
10240,13,Medium,45
10250,11,Medium,45
10260,12,Medium,45
10270,13,Medium,45
10280,17,High,90
10290,17,High,90
10300,13,Medium,45
10310,13,Medium,45
10320,12,Medium,45
10330,11,Medium,45
10340,14,Medium,45
10350,15,High,90
10360,13,Medium,45
10370,14,Medium,45
10380,13,Medium,45
10390,13,Medium,45
10400,14,Medium,45
10410,15,High,90
10420,15,High,90
10430,13,Medium,45
10440,15,High,90
10450,10,Medium,45
10460,16,High,90
10470,13,Medium,45
10480,15,High,90
10490,12,Medium,45
10500,15,High,90
10510,12,Medium,45
10520,11,Medium,45
10530,9,Medium,45
10540,16,High,90
10550,15,High,90
10560,16,High,90
10570,16,High,90
10580,16,High,90
10590,12,Medium,45
10600,13,Medium,45
10610,16,High,90
10620,13,Medium,45
10630,13,Medium,45
10640,12,Medium,45
10650,12,Medium,45
10660,15,High,90
10670,14,Medium,45
10680,13,Medium,45
10690,14,Medium,45
10700,14,Medium,45
10710,10,Medium,45
10720,12,Medium,45
10730,11,Medium,45
10740,13,Medium,45
10750,8,Medium,45
10760,12,Medium,45
10770,8,Medium,45
10780,10,Medium,45
10790,10,Medium,45
10800,11,Medium,45
10810,13,Medium,45
10820,11,Medium,45
10830,12,Medium,45
10840,20,High,90
10850,13,Medium,45
10860,8,Medium,45
10870,10,Medium,45
10880,9,Medium,45
10890,8,Medium,45
10900,19,High,90
10910,9,Medium,45
10920,11,Medium,45
10930,6,Medium,45
10940,6,Medium,45
10950,7,Medium,45
10960,10,Medium,45
10970,4,Low,10
10980,10,Medium,45
10990,8,Medium,45
11000,7,Medium,45
11010,9,Medium,45
11020,10,Medium,45
11030,8,Medium,45
11040,10,Medium,45
11050,9,Medium,45
11060,9,Medium,45
11070,8,Medium,45
11080,8,Medium,45
11090,8,Medium,45
11100,8,Medium,45
11110,6,Medium,45
11120,6,Medium,45
11130,9,Medium,45
11140,6,Medium,45
11150,8,Medium,45
11160,4,Low,10
11170,5,Medium,45
11180,5,Medium,45
11190,4,Low,10
11200,4,Low,10
11210,6,Medium,45
11220,4,Low,10
11230,5,Medium,45
11240,8,Medium,45
11250,5,Medium,45
11260,12,Medium,45
11270,7,Medium,45
11280,5,Medium,45
11290,8,Medium,45
11300,7,Medium,45
11310,8,Medium,45
11320,6,Medium,45
11330,4,Low,10
11340,5,Medium,45
11350,4,Low,10
11360,5,Medium,45
11370,6,Medium,45
11380,8,Medium,45
11390,8,Medium,45
11400,6,Medium,45
11410,7,Medium,45
11420,8,Medium,45
11430,11,Medium,45
11440,11,Medium,45
11450,3,Low,10
11460,3,Low,10
11470,8,Medium,45
11480,10,Medium,45
11490,5,Medium,45
11500,6,Medium,45
11510,6,Medium,45
11520,4,Low,10
11530,6,Medium,45
11540,6,Medium,45
11550,7,Medium,45
11560,5,Medium,45
11570,4,Low,10
11580,5,Medium,45
11590,9,Medium,45
11600,10,Medium,45
11610,4,Low,10
11620,7,Medium,45
11630,9,Medium,45
11640,5,Medium,45
11650,4,Low,10
11660,4,Low,10
11670,7,Medium,45
11680,3,Low,10
11690,2,Low,10
11700,5,Medium,45
11710,3,Low,10
11720,10,Medium,45
11730,8,Medium,45
11740,9,Medium,45
11750,7,Medium,45
11760,11,Medium,45
11770,11,Medium,45
11780,8,Medium,45
11790,11,Medium,45
11800,5,Medium,45
11810,9,Medium,45
11820,10,Medium,45
11830,9,Medium,45
11840,13,Medium,45
11850,10,Medium,45
11860,8,Medium,45
11870,6,Medium,45
11880,9,Medium,45
11890,9,Medium,45
11900,11,Medium,45
11910,11,Medium,45
11920,10,Medium,45
11930,12,Medium,45
11940,14,Medium,45
11950,11,Medium,45
11960,9,Medium,45
11970,8,Medium,45
11980,9,Medium,45
11990,8,Medium,45
12000,7,Medium,45
12010,8,Medium,45
12020,11,Medium,45
12030,8,Medium,45
12040,6,Medium,45
12050,6,Medium,45
12060,6,Medium,45
12070,7,Medium,45
12080,7,Medium,45
12090,5,Medium,45
12100,3,Low,10
12110,5,Medium,45
12120,3,Low,10
12130,3,Low,10
12140,2,Low,10
12150,2,Low,10
12160,2,Low,10
12170,5,Medium,45
12180,6,Medium,45
12190,8,Medium,45
12200,2,Low,10
12210,1,Low,10
12220,1,Low,10
12230,2,Low,10
12240,5,Medium,45
12250,4,Low,10
12260,5,Medium,45
12270,4,Low,10
12280,4,Low,10
12290,4,Low,10
12300,6,Medium,45
12310,4,Low,10
12320,3,Low,10
12330,2,Low,10
12340,2,Low,10
12350,5,Medium,45
12360,9,Medium,45
12370,5,Medium,45
12380,3,Low,10
12390,1,Low,10
12400,3,Low,10
12410,6,Medium,45
12420,2,Low,10
12430,2,Low,10
12440,4,Low,10
12450,2,Low,10
12460,2,Low,10
12470,3,Low,10
12480,3,Low,10
12490,7,Medium,45
12500,2,Low,10
12510,4,Low,10
12520,5,Medium,45
12530,6,Medium,45
12540,3,Low,10
12550,2,Low,10
12560,5,Medium,45
12570,6,Medium,45
12580,2,Low,10
12590,3,Low,10
12600,4,Low,10
12610,3,Low,10
12620,5,Medium,45
12630,4,Low,10
12640,8,Medium,45
12650,5,Medium,45
12660,4,Low,10
12670,3,Low,10
12680,5,Medium,45
12690,9,Medium,45
12700,5,Medium,45
12710,3,Low,10
12720,3,Low,10
12730,3,Low,10
12740,4,Low,10
12750,6,Medium,45
12760,6,Medium,45
12770,4,Low,10
12780,4,Low,10
12790,8,Medium,45
12800,5,Medium,45
12810,4,Low,10
12820,5,Medium,45
12830,7,Medium,45
12840,10,Medium,45
12850,8,Medium,45
12860,5,Medium,45
12870,7,Medium,45
12880,6,Medium,45
12890,7,Medium,45
12900,4,Low,10
12910,8,Medium,45
12920,8,Medium,45
12930,8,Medium,45
12940,9,Medium,45
12950,6,Medium,45
12960,5,Medium,45
12970,7,Medium,45
12980,8,Medium,45
12990,9,Medium,45
13000,9,Medium,45
13010,10,Medium,45
13020,9,Medium,45
13030,6,Medium,45
13040,6,Medium,45
13050,6,Medium,45
13060,10,Medium,45
13070,8,Medium,45
13080,6,Medium,45
13090,7,Medium,45
13100,6,Medium,45
13110,7,Medium,45
13120,7,Medium,45
13130,6,Medium,45
13140,5,Medium,45
13150,5,Medium,45
13160,6,Medium,45
13170,7,Medium,45
13180,5,Medium,45
13190,5,Medium,45
13200,4,Low,10
13210,6,Medium,45
13220,7,Medium,45
13230,4,Low,10
13240,11,Medium,45
13250,12,Medium,45
13260,7,Medium,45
13270,8,Medium,45
13280,7,Medium,45
13290,16,High,90
13300,12,Medium,45
13310,11,Medium,45
13320,7,Medium,45
13330,10,Medium,45
13340,6,Medium,45
13350,5,Medium,45
13360,5,Medium,45
13370,5,Medium,45
13380,3,Low,10
13390,4,Low,10
13400,5,Medium,45
13410,6,Medium,45
13420,7,Medium,45
13430,10,Medium,45
13440,13,Medium,45
13450,11,Medium,45
13460,13,Medium,45
13470,10,Medium,45
13480,9,Medium,45
13490,9,Medium,45
13500,9,Medium,45
13510,9,Medium,45
13520,11,Medium,45
13530,8,Medium,45
13540,9,Medium,45
13550,10,Medium,45
13560,12,Medium,45
13570,6,Medium,45
13580,6,Medium,45
13590,6,Medium,45
13600,7,Medium,45
13610,9,Medium,45
13620,8,Medium,45
13630,7,Medium,45
13640,13,Medium,45
13650,9,Medium,45
13660,6,Medium,45
13670,6,Medium,45
13680,4,Low,10
13690,5,Medium,45
13700,4,Low,10
13710,5,Medium,45
13720,5,Medium,45
13730,7,Medium,45
13740,6,Medium,45
13750,7,Medium,45
13760,6,Medium,45
13770,7,Medium,45
13780,10,Medium,45
13790,11,Medium,45
13800,11,Medium,45
13810,9,Medium,45
13820,6,Medium,45
13830,4,Low,10
13840,3,Low,10
13850,4,Low,10
13860,5,Medium,45
13870,6,Medium,45
13880,6,Medium,45
13890,7,Medium,45
13900,5,Medium,45
13910,5,Medium,45
13920,5,Medium,45
13930,12,Medium,45
13940,9,Medium,45
13950,7,Medium,45
13960,7,Medium,45
13970,5,Medium,45
13980,6,Medium,45
13990,6,Medium,45
14000,7,Medium,45
14010,7,Medium,45
14020,5,Medium,45
14030,3,Low,10
14040,6,Medium,45
14050,6,Medium,45
14060,7,Medium,45
14070,4,Low,10
14080,6,Medium,45
14090,5,Medium,45
14100,9,Medium,45
14110,10,Medium,45
14120,8,Medium,45
14130,8,Medium,45
14140,8,Medium,45
14150,10,Medium,45
14160,7,Medium,45
14170,7,Medium,45
14180,3,Low,10
14190,6,Medium,45
14200,5,Medium,45
14210,8,Medium,45
14220,7,Medium,45
14230,8,Medium,45
14240,12,Medium,45
14250,10,Medium,45
14260,9,Medium,45
14270,10,Medium,45
14280,9,Medium,45
14290,7,Medium,45
14300,11,Medium,45
14310,9,Medium,45
14320,6,Medium,45
14330,5,Medium,45
14340,6,Medium,45
14350,6,Medium,45
14360,5,Medium,45
14370,4,Low,10
14380,4,Low,10
14390,6,Medium,45
14400,5,Medium,45
14410,4,Low,10
14420,4,Low,10
14430,2,Low,10
14440,4,Low,10
14450,5,Medium,45
14460,7,Medium,45
14470,7,Medium,45
14480,7,Medium,45
14490,7,Medium,45
14500,7,Medium,45
14510,9,Medium,45
14520,7,Medium,45
14530,8,Medium,45
14540,9,Medium,45
14550,7,Medium,45
14560,11,Medium,45
14570,13,Medium,45
14580,10,Medium,45
14590,10,Medium,45
14600,11,Medium,45
14610,8,Medium,45
14620,9,Medium,45
14630,9,Medium,45
14640,9,Medium,45
14650,7,Medium,45
14660,6,Medium,45
14670,13,Medium,45
14680,9,Medium,45
14690,8,Medium,45
14700,6,Medium,45
14710,8,Medium,45
14720,6,Medium,45
14730,5,Medium,45
14740,9,Medium,45
14750,11,Medium,45
14760,7,Medium,45
14770,9,Medium,45
14780,9,Medium,45
14790,5,Medium,45
14800,8,Medium,45
14810,9,Medium,45
14820,6,Medium,45
14830,3,Low,10
14840,6,Medium,45
14850,6,Medium,45
14860,6,Medium,45
14870,3,Low,10
14880,6,Medium,45
14890,3,Low,10
14900,2,Low,10
14910,5,Medium,45
14920,8,Medium,45
14930,7,Medium,45
14940,7,Medium,45
14950,7,Medium,45
14960,5,Medium,45
14970,6,Medium,45
14980,7,Medium,45
14990,6,Medium,45
15000,4,Low,10
15010,6,Medium,45
15020,5,Medium,45
15030,8,Medium,45
15040,7,Medium,45
15050,3,Low,10
15060,7,Medium,45
15070,6,Medium,45
15080,7,Medium,45
15090,6,Medium,45
15100,8,Medium,45
15110,9,Medium,45
15120,6,Medium,45
15130,5,Medium,45
15140,7,Medium,45
15150,6,Medium,45
15160,6,Medium,45
15170,4,Low,10
15180,8,Medium,45
15190,6,Medium,45
15200,12,Medium,45
15210,7,Medium,45
15220,8,Medium,45
15230,7,Medium,45
15240,8,Medium,45
15250,8,Medium,45
15260,9,Medium,45
15270,9,Medium,45
15280,8,Medium,45
15290,7,Medium,45
15300,8,Medium,45
15310,8,Medium,45
15320,11,Medium,45
15330,9,Medium,45
15340,8,Medium,45
15350,7,Medium,45
15360,7,Medium,45
15370,8,Medium,45
15380,6,Medium,45
15390,10,Medium,45
15400,8,Medium,45
15410,6,Medium,45
15420,7,Medium,45
15430,5,Medium,45
15440,8,Medium,45
15450,8,Medium,45
15460,7,Medium,45
15470,4,Low,10
15480,5,Medium,45
15490,12,Medium,45
15500,13,Medium,45
15510,9,Medium,45
15520,9,Medium,45
15530,8,Medium,45
15540,5,Medium,45
15550,7,Medium,45
15560,4,Low,10
15570,3,Low,10
15580,5,Medium,45
15590,7,Medium,45
15600,10,Medium,45
15610,6,Medium,45
15620,6,Medium,45
15630,5,Medium,45
15640,9,Medium,45
15650,8,Medium,45
15660,5,Medium,45
15670,4,Low,10
15680,6,Medium,45
15690,7,Medium,45
15700,5,Medium,45
15710,5,Medium,45
15720,11,Medium,45
15730,12,Medium,45
15740,3,Low,10
15750,5,Medium,45
15760,4,Low,10
15770,6,Medium,45
15780,7,Medium,45
15790,10,Medium,45
15800,10,Medium,45
15810,5,Medium,45
15820,5,Medium,45
15830,8,Medium,45
15840,12,Medium,45
15850,12,Medium,45
15860,9,Medium,45
15870,8,Medium,45
15880,9,Medium,45
15890,10,Medium,45
15900,9,Medium,45
15910,10,Medium,45
15920,13,Medium,45
15930,12,Medium,45
15940,14,Medium,45
15950,13,Medium,45
15960,13,Medium,45
15970,9,Medium,45
15980,6,Medium,45
15990,10,Medium,45
16000,5,Medium,45
16010,8,Medium,45
16020,8,Medium,45
16030,9,Medium,45
16040,8,Medium,45
16050,10,Medium,45
16060,12,Medium,45
16070,10,Medium,45
16080,9,Medium,45
16090,9,Medium,45
16100,6,Medium,45
16110,8,Medium,45
16120,9,Medium,45
16130,10,Medium,45
16140,9,Medium,45
16150,12,Medium,45
16160,8,Medium,45
16170,16,High,90
16180,14,Medium,45
16190,16,High,90
16200,11,Medium,45
16210,11,Medium,45
16220,9,Medium,45
16230,11,Medium,45
16240,10,Medium,45
16250,14,Medium,45
16260,10,Medium,45
16270,11,Medium,45
16280,11,Medium,45
16290,10,Medium,45
16300,9,Medium,45
16310,10,Medium,45
16320,13,Medium,45
16330,10,Medium,45
16340,12,Medium,45
16350,11,Medium,45
16360,10,Medium,45
16370,12,Medium,45
16380,10,Medium,45
16390,7,Medium,45
16400,6,Medium,45
16410,11,Medium,45
16420,10,Medium,45
16430,6,Medium,45
16440,8,Medium,45
16450,13,Medium,45
16460,12,Medium,45
16470,12,Medium,45
16480,16,High,90
16490,11,Medium,45
16500,9,Medium,45
16510,6,Medium,45
16520,11,Medium,45
16530,6,Medium,45
16540,7,Medium,45
16550,12,Medium,45
16560,10,Medium,45
16570,8,Medium,45
16580,10,Medium,45
16590,11,Medium,45
16600,8,Medium,45
16610,7,Medium,45
16620,7,Medium,45
16630,8,Medium,45
16640,8,Medium,45
16650,9,Medium,45
16660,6,Medium,45
16670,5,Medium,45
16680,6,Medium,45
16690,5,Medium,45
16700,3,Low,10
16710,3,Low,10
16720,6,Medium,45
16730,9,Medium,45
16740,7,Medium,45
16750,5,Medium,45
16760,7,Medium,45
16770,6,Medium,45
16780,7,Medium,45
16790,4,Low,10
16800,9,Medium,45
16810,6,Medium,45
16820,6,Medium,45
16830,9,Medium,45
16840,8,Medium,45
16850,5,Medium,45
16860,7,Medium,45
16870,8,Medium,45
16880,6,Medium,45
16890,6,Medium,45
16900,5,Medium,45
16910,6,Medium,45
16920,9,Medium,45
16930,7,Medium,45
16940,4,Low,10
16950,5,Medium,45
16960,4,Low,10
16970,4,Low,10
16980,3,Low,10
16990,8,Medium,45
17000,7,Medium,45
17010,7,Medium,45
17020,4,Low,10
17030,8,Medium,45
17040,8,Medium,45
17050,8,Medium,45
17060,7,Medium,45
17070,7,Medium,45
17080,7,Medium,45
17090,9,Medium,45
17100,12,Medium,45
17110,10,Medium,45
17120,8,Medium,45
17130,8,Medium,45
17140,8,Medium,45
17150,6,Medium,45
17160,7,Medium,45
17170,5,Medium,45
17180,8,Medium,45
17190,8,Medium,45
17200,6,Medium,45
17210,6,Medium,45
17220,4,Low,10
17230,3,Low,10
17240,7,Medium,45
17250,5,Medium,45
17260,6,Medium,45
17270,4,Low,10
17280,8,Medium,45
17290,6,Medium,45
17300,5,Medium,45
17310,12,Medium,45
17320,10,Medium,45
17330,7,Medium,45
17340,9,Medium,45
17350,11,Medium,45
17360,6,Medium,45
17370,8,Medium,45
17380,5,Medium,45
17390,7,Medium,45
17400,10,Medium,45
17410,7,Medium,45
17420,13,Medium,45
17430,11,Medium,45
17440,12,Medium,45
17450,9,Medium,45
17460,10,Medium,45
17470,7,Medium,45
17480,7,Medium,45
17490,6,Medium,45
17500,9,Medium,45
17510,10,Medium,45
17520,10,Medium,45
17530,11,Medium,45
17540,10,Medium,45
17550,11,Medium,45
17560,12,Medium,45
17570,12,Medium,45
17580,10,Medium,45
17590,9,Medium,45
17600,9,Medium,45
17610,13,Medium,45
17620,11,Medium,45
17630,11,Medium,45
17640,7,Medium,45
17650,7,Medium,45
17660,12,Medium,45
17670,10,Medium,45
17680,8,Medium,45
17690,10,Medium,45
17700,11,Medium,45
17710,6,Medium,45
17720,6,Medium,45
17730,9,Medium,45
17740,8,Medium,45
17750,6,Medium,45
17760,4,Low,10
17770,8,Medium,45
17780,7,Medium,45
17790,8,Medium,45
17800,7,Medium,45
17810,8,Medium,45
17820,5,Medium,45
17830,7,Medium,45
17840,10,Medium,45
17850,10,Medium,45
17860,7,Medium,45
17870,6,Medium,45
17880,4,Low,10
17890,4,Low,10
17900,4,Low,10
17910,6,Medium,45
17920,5,Medium,45
17930,6,Medium,45
17940,11,Medium,45
17950,10,Medium,45
17960,4,Low,10
17970,5,Medium,45
17980,5,Medium,45
17990,4,Low,10
18000,7,Medium,45
18010,6,Medium,45
18020,7,Medium,45
18030,7,Medium,45
18040,5,Medium,45
18050,5,Medium,45
18060,7,Medium,45
18070,5,Medium,45
18080,6,Medium,45
18090,5,Medium,45
18100,7,Medium,45
18110,6,Medium,45
18120,7,Medium,45
18130,9,Medium,45
18140,7,Medium,45
18150,9,Medium,45
18160,8,Medium,45
18170,8,Medium,45
18180,8,Medium,45
18190,6,Medium,45
18200,6,Medium,45
18210,11,Medium,45
18220,9,Medium,45
18230,7,Medium,45
18240,9,Medium,45
18250,6,Medium,45
18260,7,Medium,45
18270,7,Medium,45
18280,7,Medium,45
18290,6,Medium,45
18300,6,Medium,45
18310,7,Medium,45
18320,6,Medium,45
18330,9,Medium,45
18340,5,Medium,45
18350,7,Medium,45
18360,7,Medium,45
18370,6,Medium,45
18380,8,Medium,45
18390,7,Medium,45
18400,9,Medium,45
18410,6,Medium,45
18420,9,Medium,45
18430,8,Medium,45
18440,7,Medium,45
18450,6,Medium,45
18460,6,Medium,45
18470,4,Low,10
18480,5,Medium,45
18490,3,Low,10
18500,6,Medium,45
18510,8,Medium,45
18520,6,Medium,45
18530,8,Medium,45
18540,8,Medium,45
18550,6,Medium,45
18560,7,Medium,45
18570,7,Medium,45
18580,9,Medium,45
18590,6,Medium,45
18600,10,Medium,45
18610,6,Medium,45
18620,9,Medium,45
18630,7,Medium,45
18640,6,Medium,45
18650,7,Medium,45
18660,7,Medium,45
18670,6,Medium,45
18680,7,Medium,45
18690,6,Medium,45
18700,6,Medium,45
18710,7,Medium,45
18720,6,Medium,45
18730,8,Medium,45
18740,5,Medium,45
18750,6,Medium,45
18760,6,Medium,45
18770,5,Medium,45
18780,7,Medium,45
18790,5,Medium,45
18800,6,Medium,45
18810,5,Medium,45
18820,6,Medium,45
18830,6,Medium,45
18840,6,Medium,45
18850,5,Medium,45
18860,5,Medium,45
18870,5,Medium,45
18880,6,Medium,45
18890,7,Medium,45
18900,5,Medium,45
18910,5,Medium,45
18920,6,Medium,45
18930,5,Medium,45
18940,4,Low,10
18950,5,Medium,45
18960,7,Medium,45
18970,7,Medium,45
18980,5,Medium,45
18990,7,Medium,45
19000,7,Medium,45
19010,12,Medium,45
19020,9,Medium,45
19030,6,Medium,45
19040,3,Low,10
19050,7,Medium,45
19060,8,Medium,45
19070,6,Medium,45
19080,6,Medium,45
19090,9,Medium,45
19100,6,Medium,45
19110,4,Low,10
19120,8,Medium,45
19130,6,Medium,45
19140,7,Medium,45
19150,7,Medium,45
19160,6,Medium,45
19170,5,Medium,45
19180,6,Medium,45
19190,6,Medium,45
19200,7,Medium,45
19210,6,Medium,45
19220,4,Low,10
19230,5,Medium,45
19240,4,Low,10
19250,4,Low,10
19260,3,Low,10
19270,3,Low,10
19280,2,Low,10
19290,3,Low,10
19300,3,Low,10
19310,4,Low,10
19320,5,Medium,45
19330,5,Medium,45
19340,5,Medium,45
19350,5,Medium,45
19360,4,Low,10
19370,5,Medium,45
19380,5,Medium,45
19390,3,Low,10
19400,5,Medium,45
19410,6,Medium,45
19420,4,Low,10
19430,4,Low,10
19440,2,Low,10
19450,5,Medium,45
19460,7,Medium,45
19470,4,Low,10
19480,5,Medium,45
19490,8,Medium,45
19500,5,Medium,45
19510,5,Medium,45
19520,8,Medium,45
19530,4,Low,10
19540,6,Medium,45
19550,7,Medium,45
19560,5,Medium,45
19570,6,Medium,45
19580,7,Medium,45
19590,8,Medium,45
19600,8,Medium,45
19610,6,Medium,45
19620,6,Medium,45
19630,7,Medium,45
19640,7,Medium,45
19650,6,Medium,45
19660,5,Medium,45
19670,6,Medium,45
19680,5,Medium,45
19690,4,Low,10
19700,6,Medium,45
19710,6,Medium,45
19720,5,Medium,45
19730,5,Medium,45
19740,6,Medium,45
19750,9,Medium,45
19760,6,Medium,45
19770,7,Medium,45
19780,6,Medium,45
19790,6,Medium,45
19800,6,Medium,45
19810,5,Medium,45
19820,4,Low,10
19830,4,Low,10
19840,3,Low,10
19850,4,Low,10
19860,6,Medium,45
19870,4,Low,10
19880,5,Medium,45
19890,4,Low,10
19900,6,Medium,45
19910,5,Medium,45
19920,4,Low,10
19930,5,Medium,45
19940,6,Medium,45
19950,4,Low,10
19960,7,Medium,45
19970,6,Medium,45
19980,8,Medium,45
19990,6,Medium,45
20000,6,Medium,45
20010,7,Medium,45
20020,6,Medium,45
20030,8,Medium,45
20040,5,Medium,45
20050,6,Medium,45
20060,5,Medium,45
20070,7,Medium,45
20080,4,Low,10
20090,2,Low,10
20100,6,Medium,45
20110,7,Medium,45
20120,5,Medium,45
20130,4,Low,10
20140,5,Medium,45
20150,6,Medium,45
20160,3,Low,10
20170,2,Low,10
20180,3,Low,10
20190,5,Medium,45
20200,5,Medium,45
20210,6,Medium,45
20220,7,Medium,45
20230,5,Medium,45
20240,4,Low,10
20250,3,Low,10
20260,7,Medium,45
20270,4,Low,10
20280,6,Medium,45
20290,7,Medium,45
20300,8,Medium,45
20310,5,Medium,45
20320,7,Medium,45
20330,4,Low,10
20340,6,Medium,45
20350,4,Low,10
20360,5,Medium,45
20370,5,Medium,45
20380,8,Medium,45
20390,4,Low,10
20400,5,Medium,45
20410,5,Medium,45
20420,4,Low,10
20430,6,Medium,45
20440,4,Low,10
20450,6,Medium,45
20460,4,Low,10
20470,7,Medium,45
20480,5,Medium,45
20490,3,Low,10
20500,5,Medium,45
20510,5,Medium,45
20520,5,Medium,45
20530,3,Low,10
20540,3,Low,10
20550,4,Low,10
20560,3,Low,10
20570,6,Medium,45
20580,5,Medium,45
20590,8,Medium,45
20600,5,Medium,45
20610,6,Medium,45
20620,7,Medium,45
20630,8,Medium,45
20640,6,Medium,45
20650,6,Medium,45
20660,4,Low,10
20670,6,Medium,45
20680,4,Low,10
20690,5,Medium,45
20700,4,Low,10
20710,3,Low,10
20720,2,Low,10
20730,4,Low,10
20740,3,Low,10
20750,4,Low,10
20760,3,Low,10
20770,4,Low,10
20780,2,Low,10
20790,4,Low,10
20800,4,Low,10
20810,3,Low,10
20820,4,Low,10
20830,4,Low,10
20840,3,Low,10
20850,4,Low,10
20860,5,Medium,45
20870,4,Low,10
20880,4,Low,10
20890,5,Medium,45
20900,5,Medium,45
20910,6,Medium,45
20920,5,Medium,45
20930,3,Low,10
20940,3,Low,10
20950,2,Low,10
20960,3,Low,10
20970,3,Low,10
20980,3,Low,10
20990,4,Low,10
21000,2,Low,10
21010,4,Low,10
21020,3,Low,10
21030,3,Low,10
21040,3,Low,10
21050,3,Low,10
21060,2,Low,10
21070,4,Low,10
21080,4,Low,10
21090,4,Low,10
21100,4,Low,10
21110,4,Low,10
21120,3,Low,10
21130,3,Low,10
21140,3,Low,10
21150,5,Medium,45
21160,5,Medium,45
21170,4,Low,10
21180,3,Low,10
21190,5,Medium,45
21200,5,Medium,45
21210,7,Medium,45
21220,7,Medium,45
21230,7,Medium,45
21240,6,Medium,45
21250,4,Low,10
21260,4,Low,10
21270,3,Low,10
21280,4,Low,10
21290,4,Low,10
21300,4,Low,10
21310,3,Low,10
21320,2,Low,10
21330,3,Low,10
21340,3,Low,10
21350,4,Low,10
21360,4,Low,10
21370,4,Low,10
21380,4,Low,10
21390,5,Medium,45
21400,3,Low,10
21410,4,Low,10
21420,5,Medium,45
21430,3,Low,10
21440,5,Medium,45
21450,3,Low,10
21460,2,Low,10
21470,3,Low,10
21480,3,Low,10
21490,3,Low,10
21500,4,Low,10
21510,3,Low,10
21520,2,Low,10
21530,2,Low,10
21540,2,Low,10
21550,2,Low,10
21560,3,Low,10
21570,4,Low,10
21580,5,Medium,45
21590,4,Low,10
21600,3,Low,10
21610,4,Low,10
21620,5,Medium,45
21630,3,Low,10
21640,5,Medium,45
21650,5,Medium,45
21660,5,Medium,45
21670,4,Low,10
21680,3,Low,10
21690,6,Medium,45
21700,5,Medium,45
21710,2,Low,10
21720,2,Low,10
21730,3,Low,10
21740,2,Low,10
21750,4,Low,10
21760,3,Low,10
21770,3,Low,10
21780,5,Medium,45
21790,4,Low,10
21800,4,Low,10
21810,4,Low,10
21820,5,Medium,45
21830,5,Medium,45
21840,4,Low,10
21850,4,Low,10
21860,4,Low,10
21870,2,Low,10
21880,3,Low,10
21890,2,Low,10
21900,2,Low,10
21910,3,Low,10
21920,4,Low,10
21930,6,Medium,45
21940,3,Low,10
21950,4,Low,10
21960,6,Medium,45
21970,5,Medium,45
21980,5,Medium,45
21990,4,Low,10
22000,6,Medium,45
22010,2,Low,10
22020,4,Low,10
22030,5,Medium,45
22040,5,Medium,45
22050,5,Medium,45
22060,3,Low,10
22070,5,Medium,45
22080,3,Low,10
22090,3,Low,10
22100,5,Medium,45
22110,4,Low,10
22120,5,Medium,45
22130,3,Low,10
22140,4,Low,10
22150,3,Low,10
22160,4,Low,10
22170,4,Low,10
22180,3,Low,10
22190,5,Medium,45
22200,7,Medium,45
22210,5,Medium,45
22220,5,Medium,45
22230,3,Low,10
22240,4,Low,10
22250,5,Medium,45
22260,4,Low,10
22270,5,Medium,45
22280,4,Low,10
22290,3,Low,10
22300,3,Low,10
22310,3,Low,10
22320,3,Low,10
22330,3,Low,10
22340,5,Medium,45
22350,4,Low,10
22360,3,Low,10
22370,4,Low,10
22380,4,Low,10
22390,5,Medium,45
22400,6,Medium,45
22410,5,Medium,45
22420,4,Low,10
22430,5,Medium,45
22440,4,Low,10
22450,4,Low,10
22460,4,Low,10
22470,4,Low,10
22480,5,Medium,45
22490,5,Medium,45
22500,4,Low,10
22510,4,Low,10
22520,7,Medium,45
22530,4,Low,10
22540,5,Medium,45
22550,4,Low,10
22560,3,Low,10
22570,5,Medium,45
22580,6,Medium,45
22590,6,Medium,45
22600,4,Low,10
22610,2,Low,10
22620,2,Low,10
22630,5,Medium,45
22640,4,Low,10
22650,2,Low,10
22660,2,Low,10
22670,2,Low,10
22680,3,Low,10
22690,3,Low,10
22700,2,Low,10
22710,3,Low,10
22720,4,Low,10
22730,2,Low,10
22740,3,Low,10
22750,2,Low,10
22760,2,Low,10
22770,2,Low,10
22780,2,Low,10
22790,3,Low,10
22800,3,Low,10
22810,2,Low,10
22820,3,Low,10
22830,5,Medium,45
22840,5,Medium,45
22850,4,Low,10
22860,4,Low,10
22870,6,Medium,45
22880,5,Medium,45
22890,4,Low,10
22900,4,Low,10
22910,3,Low,10
22920,5,Medium,45
22930,3,Low,10
22940,6,Medium,45
22950,7,Medium,45
22960,5,Medium,45
22970,8,Medium,45
22980,5,Medium,45
22990,6,Medium,45
23000,3,Low,10
23010,4,Low,10
23020,3,Low,10
23030,6,Medium,45
23040,3,Low,10
23050,4,Low,10
23060,8,Medium,45
23070,9,Medium,45
23080,6,Medium,45
23090,5,Medium,45
23100,2,Low,10
23110,4,Low,10
23120,3,Low,10
23130,4,Low,10
23140,3,Low,10
23150,4,Low,10
23160,3,Low,10
23170,4,Low,10
23180,5,Medium,45
23190,5,Medium,45
23200,3,Low,10
23210,5,Medium,45
23220,4,Low,10
23230,5,Medium,45
23240,3,Low,10
23250,3,Low,10
23260,3,Low,10
23270,6,Medium,45
23280,4,Low,10
23290,4,Low,10
23300,4,Low,10
23310,4,Low,10
23320,4,Low,10
23330,3,Low,10
23340,2,Low,10
23350,5,Medium,45
23360,4,Low,10
23370,3,Low,10
23380,5,Medium,45
23390,3,Low,10
23400,2,Low,10
23410,4,Low,10
23420,4,Low,10
23430,3,Low,10
23440,2,Low,10
23450,3,Low,10
23460,3,Low,10
23470,2,Low,10
23480,4,Low,10
23490,2,Low,10
23500,4,Low,10
23510,4,Low,10
23520,4,Low,10
23530,3,Low,10
23540,3,Low,10
23550,2,Low,10
23560,3,Low,10
23570,4,Low,10
23580,3,Low,10
23590,4,Low,10
23600,5,Medium,45
23610,4,Low,10
23620,3,Low,10
23630,2,Low,10
23640,3,Low,10
23650,2,Low,10
23660,3,Low,10
23670,5,Medium,45
23680,7,Medium,45
23690,6,Medium,45
23700,2,Low,10
23710,3,Low,10
23720,3,Low,10
23730,3,Low,10
23740,3,Low,10
23750,4,Low,10
23760,7,Medium,45
23770,5,Medium,45
23780,5,Medium,45
23790,4,Low,10
23800,6,Medium,45
23810,4,Low,10
23820,4,Low,10
23830,4,Low,10
23840,4,Low,10
23850,7,Medium,45
23860,5,Medium,45
23870,5,Medium,45
23880,5,Medium,45
23890,3,Low,10
23900,3,Low,10
23910,3,Low,10
23920,2,Low,10
23930,3,Low,10
23940,3,Low,10
23950,3,Low,10
23960,3,Low,10
23970,3,Low,10
23980,3,Low,10
23990,4,Low,10
24000,4,Low,10
24010,4,Low,10
24020,3,Low,10
24030,3,Low,10
24040,3,Low,10
24050,3,Low,10
24060,3,Low,10
24070,2,Low,10
24080,2,Low,10
24090,2,Low,10
24100,3,Low,10
24110,4,Low,10
24120,3,Low,10
24130,3,Low,10
24140,5,Medium,45
24150,7,Medium,45
24160,5,Medium,45
24170,4,Low,10
24180,5,Medium,45
24190,6,Medium,45
24200,4,Low,10
24210,6,Medium,45
24220,5,Medium,45
24230,5,Medium,45
24240,3,Low,10
24250,4,Low,10
24260,3,Low,10
24270,3,Low,10
24280,4,Low,10
24290,2,Low,10
24300,4,Low,10
24310,4,Low,10
24320,3,Low,10
24330,6,Medium,45
24340,3,Low,10
24350,5,Medium,45
24360,4,Low,10
24370,5,Medium,45
24380,5,Medium,45
24390,5,Medium,45
24400,6,Medium,45
24410,3,Low,10
24420,7,Medium,45
24430,5,Medium,45
24440,5,Medium,45
24450,3,Low,10
24460,4,Low,10
24470,3,Low,10
24480,3,Low,10
24490,3,Low,10
24500,4,Low,10
24510,6,Medium,45
24520,4,Low,10
24530,4,Low,10
24540,3,Low,10
24550,5,Medium,45
24560,4,Low,10
24570,4,Low,10
24580,3,Low,10
24590,3,Low,10
24600,3,Low,10
24610,4,Low,10
24620,5,Medium,45
24630,4,Low,10
24640,7,Medium,45
24650,3,Low,10
24660,5,Medium,45
24670,3,Low,10
24680,6,Medium,45
24690,3,Low,10
24700,4,Low,10
24710,6,Medium,45
24720,6,Medium,45
24730,4,Low,10
24740,5,Medium,45
24750,4,Low,10
24760,5,Medium,45
24770,3,Low,10
24780,2,Low,10
24790,4,Low,10
24800,2,Low,10
24810,7,Medium,45
24820,3,Low,10
24830,2,Low,10
24840,4,Low,10
24850,3,Low,10
24860,4,Low,10
24870,5,Medium,45
24880,3,Low,10
24890,4,Low,10
24900,3,Low,10
24910,2,Low,10
24920,4,Low,10
24930,2,Low,10
24940,3,Low,10
24950,4,Low,10
24960,3,Low,10
24970,3,Low,10
24980,3,Low,10
24990,4,Low,10
25000,5,Medium,45
25010,3,Low,10
25020,3,Low,10
25030,4,Low,10
25040,4,Low,10
25050,2,Low,10
25060,4,Low,10
25070,5,Medium,45
25080,3,Low,10
25090,4,Low,10
25100,3,Low,10
25110,4,Low,10
25120,4,Low,10
25130,6,Medium,45
25140,5,Medium,45
25150,3,Low,10
25160,3,Low,10
25170,6,Medium,45
25180,6,Medium,45
25190,3,Low,10
25200,4,Low,10
25210,3,Low,10
25220,2,Low,10
25230,4,Low,10
25240,2,Low,10
25250,2,Low,10
25260,2,Low,10
25270,3,Low,10
25280,3,Low,10
25290,4,Low,10
25300,3,Low,10
25310,4,Low,10
25320,4,Low,10
25330,4,Low,10
25340,4,Low,10
25350,4,Low,10
25360,2,Low,10
25370,3,Low,10
25380,2,Low,10
25390,4,Low,10
25400,3,Low,10
25410,3,Low,10
25420,2,Low,10
25430,3,Low,10
25440,3,Low,10
25450,3,Low,10
25460,2,Low,10
25470,3,Low,10
25480,3,Low,10
25490,2,Low,10
25500,2,Low,10
25510,2,Low,10
25520,2,Low,10
25530,3,Low,10
25540,4,Low,10
25550,5,Medium,45
25560,2,Low,10
25570,3,Low,10
25580,2,Low,10
25590,3,Low,10
25600,2,Low,10
25610,2,Low,10
25620,2,Low,10
25630,2,Low,10
25640,2,Low,10
25650,2,Low,10
25660,2,Low,10
25670,2,Low,10
25680,2,Low,10
25690,2,Low,10
25700,2,Low,10
25710,2,Low,10
25720,2,Low,10
25730,2,Low,10
25740,2,Low,10
25750,2,Low,10
25760,4,Low,10
25770,3,Low,10
25780,3,Low,10
25790,3,Low,10
25800,3,Low,10
25810,3,Low,10
25820,3,Low,10
25830,5,Medium,45
25840,3,Low,10
25850,4,Low,10
25860,3,Low,10
25870,4,Low,10
25880,3,Low,10
25890,2,Low,10
25900,2,Low,10
25910,2,Low,10
25920,2,Low,10
25930,2,Low,10
25940,2,Low,10
25950,3,Low,10
25960,4,Low,10
25970,2,Low,10
25980,3,Low,10
25990,3,Low,10
26000,2,Low,10
26010,2,Low,10
26020,4,Low,10
26030,4,Low,10
26040,2,Low,10
26050,2,Low,10
26060,2,Low,10
26070,2,Low,10
26080,2,Low,10
26090,2,Low,10
26100,5,Medium,45
26110,3,Low,10
26120,3,Low,10
26130,3,Low,10
26140,3,Low,10
26150,3,Low,10
26160,3,Low,10
26170,3,Low,10
26180,2,Low,10
26190,2,Low,10
26200,3,Low,10
26210,3,Low,10
26220,3,Low,10
26230,3,Low,10
26240,4,Low,10
26250,3,Low,10
26260,3,Low,10
26270,5,Medium,45
26280,5,Medium,45
26290,4,Low,10
26300,4,Low,10
26310,4,Low,10
26320,5,Medium,45
26330,7,Medium,45
26340,7,Medium,45
26350,5,Medium,45
26360,4,Low,10
26370,6,Medium,45
26380,6,Medium,45
26390,4,Low,10
26400,3,Low,10
26410,3,Low,10
26420,4,Low,10
26430,3,Low,10
26440,6,Medium,45
26450,4,Low,10
26460,4,Low,10
26470,4,Low,10
26480,4,Low,10
26490,4,Low,10
26500,4,Low,10
26510,4,Low,10
26520,5,Medium,45
26530,5,Medium,45
26540,5,Medium,45
26550,5,Medium,45
26560,4,Low,10
26570,3,Low,10
26580,4,Low,10
26590,6,Medium,45
26600,3,Low,10
26610,3,Low,10
26620,5,Medium,45
26630,3,Low,10
26640,3,Low,10
26650,4,Low,10
26660,4,Low,10
26670,4,Low,10
26680,4,Low,10
26690,4,Low,10
26700,6,Medium,45
26710,3,Low,10
26720,4,Low,10
26730,3,Low,10
26740,5,Medium,45
26750,6,Medium,45
26760,4,Low,10
26770,4,Low,10
26780,6,Medium,45
26790,5,Medium,45
26800,5,Medium,45
26810,5,Medium,45
26820,3,Low,10
26830,4,Low,10
26840,4,Low,10
26850,4,Low,10
26860,4,Low,10
26870,3,Low,10
26880,3,Low,10
26890,4,Low,10
26900,3,Low,10
26910,3,Low,10
26920,2,Low,10
26930,2,Low,10
26940,4,Low,10
26950,3,Low,10
26960,3,Low,10
26970,4,Low,10
26980,4,Low,10
26990,4,Low,10
27000,4,Low,10
